account_age_days,total_orders,total_returns,product_price,days_after_delivery,product_condition,high_value_product,pickup_location_changed,repeated_return_reason,product_category,is_fraud
1136,30,1,2225,18,Opened,0,1,1,Clothing,1
1469,45,13,2271,26,Sealed,1,0,1,Clothing,0
870,5,12,8366,6,Sealed,0,0,1,Footwear,1
1304,33,11,3571,4,Damaged,1,0,1,Electronics,1
1140,1,6,9128,12,Opened,1,0,1,Footwear,1
1105,18,1,5724,19,Damaged,1,0,0,Clothing,1
1734,32,12,8791,29,Sealed,1,1,1,Clothing,1
1054,47,13,8429,27,Sealed,0,1,1,Clothing,1
1648,49,16,2197,29,Damaged,1,0,0,Electronics,1
131,11,8,5168,2,Opened,0,0,1,Electronics,1
476,21,16,6497,17,Opened,1,0,1,Clothing,1
1248,26,7,2857,11,Opened,0,1,0,Footwear,1
340,25,1,4020,11,Opened,0,0,0,Footwear,1
1492,22,12,8286,21,Damaged,1,0,0,Accessories,1
97,27,2,2000,16,Damaged,1,1,1,Clothing,1
1406,49,15,2710,2,Sealed,1,1,0,Footwear,0
1133,13,5,7000,2,Opened,0,1,0,Clothing,1
881,33,18,1549,23,Opened,1,1,0,Footwear,1
1697,34,6,8838,8,Opened,1,0,1,Accessories,1
140,41,9,5117,13,Damaged,0,1,0,Accessories,1
1695,35,8,8099,10,Opened,1,1,1,Clothing,1
1342,1,1,6152,8,Damaged,0,0,1,Footwear,1
779,21,14,2196,4,Opened,1,0,0,Electronics,1
353,48,4,8995,15,Opened,0,0,1,Accessories,1
1525,6,3,6504,1,Sealed,0,1,1,Clothing,0
1447,28,19,9917,11,Opened,1,0,0,Clothing,1
815,17,3,3431,7,Opened,0,1,1,Footwear,1
395,5,17,7562,17,Sealed,1,1,0,Clothing,1
1225,31,3,5205,27,Damaged,1,1,1,Accessories,1
965,5,16,3078,20,Damaged,0,0,1,Clothing,1
286,38,11,2939,24,Opened,1,1,0,Clothing,1
1194,3,16,3484,18,Damaged,0,0,0,Electronics,1
469,23,9,785,22,Opened,0,0,1,Electronics,1
1347,37,0,7631,29,Sealed,0,0,1,Accessories,1
31,37,17,4383,22,Sealed,0,1,0,Footwear,1
262,10,17,7836,12,Opened,0,1,1,Electronics,1
757,10,13,7810,9,Sealed,0,1,1,Footwear,1
866,19,14,1719,5,Sealed,0,0,1,Accessories,0
1594,17,11,6968,10,Opened,0,1,1,Electronics,1
484,21,3,1531,4,Opened,1,1,0,Footwear,0
1092,14,2,9167,5,Sealed,1,1,0,Electronics,0
520,9,19,4813,28,Damaged,0,1,0,Accessories,1
1715,46,11,9657,28,Damaged,1,1,0,Accessories,1
1509,1,6,9535,10,Opened,1,0,0,Electronics,1
709,45,10,5098,11,Opened,1,0,0,Footwear,1
985,13,0,262,21,Damaged,1,0,1,Clothing,1
1816,4,5,2074,24,Sealed,1,0,0,Clothing,1
199,1,14,3391,10,Damaged,1,1,1,Electronics,1
967,49,14,8561,28,Damaged,0,0,1,Footwear,1
696,40,18,731,8,Damaged,1,1,1,Clothing,0
967,32,10,1005,2,Damaged,1,0,0,Accessories,0
572,34,1,2114,23,Opened,1,0,1,Footwear,1
1909,28,13,9933,8,Opened,1,0,0,Clothing,1
1600,31,1,7996,16,Sealed,0,1,1,Footwear,1
1277,8,3,304,27,Sealed,0,1,1,Electronics,0
841,39,16,681,22,Sealed,0,0,0,Footwear,0
1538,26,2,5775,5,Sealed,0,1,1,Clothing,0
1164,34,12,9132,27,Damaged,1,0,1,Electronics,1
1518,3,8,5447,25,Opened,0,0,1,Footwear,1
1852,12,6,2743,29,Opened,0,0,1,Accessories,1
656,1,14,8117,3,Sealed,0,1,0,Clothing,1
30,44,10,2397,12,Sealed,0,0,1,Electronics,1
850,5,19,974,13,Damaged,1,0,1,Footwear,1
176,30,1,5660,13,Damaged,0,0,0,Accessories,1
1307,30,14,789,10,Sealed,1,1,1,Clothing,0
397,17,13,4100,4,Opened,0,0,1,Accessories,1
610,48,19,9714,9,Opened,1,1,1,Footwear,1
325,47,10,771,22,Opened,1,0,1,Footwear,1
23,23,2,8027,24,Sealed,0,1,0,Electronics,1
251,15,16,1271,23,Opened,0,0,1,Accessories,1
786,37,11,5691,27,Damaged,0,0,0,Electronics,1
1379,21,14,9235,2,Damaged,0,1,1,Clothing,1
574,14,15,6442,19,Sealed,1,1,1,Electronics,1
907,2,4,1549,1,Damaged,1,0,1,Clothing,1
1373,11,19,2639,25,Sealed,0,1,0,Footwear,1
101,39,5,4059,29,Opened,0,0,1,Footwear,1
1400,38,18,6385,7,Opened,1,0,1,Accessories,1
965,34,4,5532,17,Opened,0,0,0,Clothing,1
1488,38,2,4360,3,Damaged,1,1,0,Footwear,1
1461,34,0,2461,20,Sealed,0,0,0,Accessories,0
518,18,5,6264,20,Opened,1,1,0,Accessories,1
785,30,14,3770,21,Sealed,1,0,1,Electronics,1
1976,15,1,1853,3,Opened,1,1,1,Accessories,0
44,27,2,8200,3,Damaged,1,1,1,Footwear,1
215,34,16,2038,17,Damaged,1,0,1,Electronics,1
1114,38,11,8662,7,Sealed,0,1,0,Clothing,0
1965,33,17,6076,27,Damaged,1,0,1,Clothing,1
1595,24,14,6688,26,Damaged,0,0,1,Footwear,1
1905,15,11,8716,14,Sealed,1,0,1,Footwear,1
1421,30,15,6404,17,Opened,1,0,1,Electronics,1
1035,42,7,7445,18,Damaged,0,0,0,Electronics,1
1031,17,13,7975,13,Sealed,0,1,1,Footwear,1
1423,5,16,9186,20,Damaged,0,0,1,Footwear,1
575,29,7,6733,29,Damaged,0,1,1,Clothing,1
1139,4,14,697,20,Damaged,1,1,0,Clothing,1
1805,10,13,3162,21,Damaged,0,0,0,Clothing,1
1855,17,17,2436,27,Sealed,1,1,1,Footwear,1
1510,10,19,9979,18,Sealed,0,0,1,Accessories,1
712,17,6,672,4,Sealed,0,1,1,Footwear,0
411,20,2,7621,1,Damaged,1,1,0,Footwear,1
739,24,11,6271,18,Damaged,1,1,1,Clothing,1
1589,5,2,7197,1,Damaged,0,0,1,Footwear,1
171,34,19,2190,26,Sealed,1,1,1,Electronics,1
211,6,13,6666,26,Damaged,1,0,0,Footwear,1
1991,2,14,4724,13,Opened,1,1,1,Footwear,1
1005,13,13,1733,20,Damaged,1,1,1,Footwear,1
279,43,6,1617,20,Opened,1,1,0,Footwear,1
1896,43,16,3748,23,Damaged,1,1,0,Accessories,1
825,48,11,1637,10,Sealed,1,0,1,Footwear,0
1304,11,19,3237,27,Damaged,1,0,0,Electronics,1
465,47,3,7085,11,Opened,0,1,1,Electronics,1
1495,23,8,197,9,Opened,1,1,0,Footwear,0
1760,16,5,3850,9,Damaged,0,0,0,Clothing,1
1285,31,15,8635,5,Opened,1,0,1,Accessories,1
1026,11,1,8274,26,Opened,1,0,1,Footwear,1
1735,16,7,8203,1,Sealed,1,0,1,Footwear,0
305,8,10,5513,17,Damaged,1,1,0,Footwear,1
1758,4,12,4766,22,Damaged,0,1,1,Clothing,1
729,40,16,710,2,Damaged,0,0,1,Clothing,0
1782,4,7,1827,24,Opened,1,0,1,Clothing,1
347,25,17,1954,13,Damaged,0,0,1,Accessories,1
888,3,17,5155,9,Damaged,1,0,1,Electronics,1
1086,32,13,2424,29,Sealed,1,0,0,Accessories,0
801,3,14,9469,4,Sealed,0,0,1,Clothing,1
1955,27,5,9383,5,Sealed,0,1,1,Electronics,0
226,29,10,5874,11,Opened,1,1,0,Electronics,1
773,32,12,6619,24,Damaged,1,1,1,Clothing,1
197,19,0,1849,19,Sealed,0,0,1,Clothing,0
389,21,5,881,21,Sealed,1,0,1,Accessories,0
502,5,8,7648,3,Sealed,0,0,1,Clothing,1
1074,18,7,6923,12,Damaged,1,1,1,Electronics,1
1190,28,10,2205,26,Damaged,1,0,0,Footwear,1
24,42,18,3967,19,Damaged,0,0,0,Clothing,1
1846,22,8,7293,19,Opened,0,1,0,Clothing,1
74,21,16,5076,13,Opened,0,0,1,Accessories,1
1890,6,11,2213,28,Sealed,1,1,0,Accessories,1
1872,1,13,5979,7,Damaged,1,1,1,Clothing,1
530,5,14,4070,15,Sealed,1,0,1,Electronics,1
1377,41,15,9359,23,Damaged,1,1,1,Electronics,1
1162,12,19,7364,7,Damaged,0,0,0,Footwear,1
657,26,0,1677,26,Damaged,1,1,0,Clothing,1
1505,46,9,9303,8,Opened,1,0,0,Accessories,1
1096,34,7,2374,5,Opened,1,1,1,Electronics,0
1172,49,17,4969,21,Damaged,0,0,0,Footwear,1
1532,14,0,6844,14,Sealed,1,1,1,Clothing,1
602,26,1,2526,4,Damaged,1,1,0,Electronics,0
401,45,0,5646,23,Damaged,0,1,0,Clothing,1
1708,27,0,6952,10,Sealed,1,0,1,Clothing,0
428,9,8,2651,20,Damaged,1,0,1,Electronics,1
298,26,12,6511,15,Sealed,0,1,0,Electronics,1
388,47,0,107,18,Opened,1,0,0,Electronics,1
1806,22,12,8187,20,Opened,1,1,0,Clothing,1
1523,47,19,2655,13,Sealed,1,0,1,Clothing,0
240,30,6,575,29,Opened,0,1,1,Footwear,1
1027,43,1,5516,8,Opened,1,0,0,Accessories,1
50,48,5,8776,9,Sealed,1,1,0,Clothing,1
1061,17,6,7339,16,Opened,0,1,1,Accessories,1
144,26,13,6810,19,Damaged,0,1,0,Electronics,1
210,36,17,5100,16,Damaged,1,1,1,Clothing,1
1873,1,14,4754,7,Sealed,1,0,1,Footwear,1
789,8,1,8178,14,Opened,1,1,1,Footwear,1
939,49,9,6163,28,Damaged,1,0,1,Accessories,1
1066,35,11,2385,14,Damaged,0,0,1,Electronics,1
1081,15,16,5323,25,Opened,1,1,1,Accessories,1
512,47,7,7071,27,Opened,0,0,0,Electronics,1
416,22,10,3625,4,Damaged,0,0,1,Footwear,1
1607,14,2,2922,26,Damaged,1,0,1,Accessories,1
1761,26,5,5043,15,Sealed,1,1,0,Footwear,1
814,28,8,6630,3,Sealed,0,0,1,Footwear,0
108,23,5,358,5,Damaged,0,0,0,Electronics,0
693,14,8,382,1,Sealed,1,1,1,Accessories,0
1905,24,6,1998,3,Damaged,0,1,0,Accessories,0
735,2,8,4235,15,Damaged,1,0,0,Footwear,1
1580,45,17,6729,24,Sealed,1,1,1,Footwear,1
970,26,11,3300,27,Sealed,0,0,1,Electronics,1
1772,14,7,5210,8,Opened,0,0,1,Clothing,1
622,7,7,7267,29,Opened,1,0,1,Clothing,1
1976,3,17,712,4,Opened,0,1,0,Footwear,1
1495,47,19,787,2,Damaged,1,0,0,Clothing,0
652,23,14,3790,29,Sealed,1,1,0,Clothing,1
1802,46,6,8904,24,Damaged,1,1,1,Clothing,1
1038,43,10,2407,24,Sealed,0,0,0,Clothing,0
1251,47,19,7233,10,Damaged,1,1,1,Footwear,1
512,45,15,6609,4,Opened,1,1,1,Clothing,1
776,18,3,6006,3,Opened,1,1,0,Clothing,1
407,38,5,2691,2,Opened,1,1,1,Electronics,0
880,35,2,7283,25,Damaged,1,1,0,Footwear,1
804,15,8,5348,17,Sealed,1,0,1,Accessories,1
402,25,9,8866,23,Sealed,1,1,0,Accessories,1
216,37,13,5208,21,Opened,1,0,1,Electronics,1
1048,28,10,3704,24,Opened,1,0,0,Electronics,1
1891,10,17,769,20,Opened,1,0,0,Footwear,1
1587,39,11,4464,23,Opened,1,0,1,Accessories,1
901,17,11,7429,13,Sealed,0,0,1,Clothing,1
1494,39,12,1383,5,Damaged,1,0,0,Electronics,0
1724,22,12,1023,21,Damaged,1,1,1,Accessories,1
1608,26,18,1225,9,Damaged,1,1,1,Footwear,1
873,44,18,1629,25,Damaged,0,1,1,Clothing,1
752,25,13,9886,29,Opened,1,0,0,Footwear,1
1274,17,3,8538,25,Opened,0,1,0,Electronics,1
573,13,12,3811,28,Opened,1,1,1,Accessories,1
1030,20,7,8104,22,Damaged,1,1,1,Accessories,1
105,25,18,9852,6,Opened,0,0,0,Accessories,1
1933,4,11,6374,5,Opened,1,1,1,Accessories,1
1767,10,17,3964,25,Sealed,0,0,0,Clothing,1
494,3,5,7933,10,Sealed,0,1,1,Clothing,1
1440,41,17,6888,8,Opened,1,0,1,Footwear,1
240,45,18,326,7,Sealed,1,0,1,Clothing,0
758,18,4,364,7,Sealed,1,0,0,Electronics,0
1688,47,8,9687,6,Opened,1,1,0,Electronics,1
1204,36,2,745,21,Opened,0,1,0,Accessories,1
550,47,9,7644,29,Opened,0,0,0,Electronics,1
1069,22,18,5669,20,Opened,1,1,1,Footwear,1
534,34,2,3090,3,Damaged,0,0,1,Clothing,1
1193,47,14,2604,19,Damaged,0,0,0,Clothing,1
1872,8,0,9446,22,Opened,1,1,1,Clothing,1
1732,40,6,687,15,Sealed,0,1,1,Electronics,0
1276,49,11,9277,4,Opened,0,1,0,Clothing,1
1119,44,16,4179,28,Opened,1,0,1,Accessories,1
1829,19,19,3448,12,Sealed,0,0,1,Accessories,1
587,42,4,6399,6,Damaged,1,1,0,Accessories,1
691,41,3,3931,19,Opened,0,0,1,Electronics,1
566,37,11,9533,4,Opened,1,1,1,Clothing,1
1607,6,19,8481,15,Damaged,0,0,1,Electronics,1
1986,26,17,9272,9,Damaged,0,1,0,Clothing,1
1022,34,16,9990,5,Sealed,1,1,0,Footwear,0
655,45,18,1815,13,Damaged,1,0,1,Footwear,1
805,6,8,6550,23,Damaged,1,1,1,Electronics,1
1061,37,3,5533,26,Damaged,1,1,1,Accessories,1
1653,33,1,1198,18,Sealed,0,0,0,Electronics,0
1589,22,3,7196,5,Damaged,0,1,0,Accessories,1
1373,21,1,2426,25,Damaged,0,0,0,Clothing,1
1831,6,14,9187,16,Sealed,1,1,1,Accessories,1
1991,6,1,6516,27,Damaged,0,0,1,Accessories,1
1364,48,3,7080,19,Damaged,0,1,1,Clothing,1
1673,4,5,6863,14,Sealed,1,1,1,Footwear,1
1539,30,6,1774,25,Opened,1,1,1,Clothing,1
1381,11,9,8050,16,Sealed,0,1,0,Electronics,1
1506,30,18,9222,27,Damaged,1,0,1,Electronics,1
1264,31,18,9015,15,Damaged,0,0,1,Electronics,1
199,24,11,6149,22,Damaged,0,0,1,Electronics,1
1258,9,2,1189,4,Sealed,1,0,0,Electronics,0
1418,3,12,4678,7,Damaged,0,0,1,Footwear,1
1410,31,17,9227,16,Damaged,1,0,0,Footwear,1
1316,40,7,255,24,Sealed,1,0,0,Accessories,0
1991,37,14,9362,22,Opened,0,1,0,Electronics,1
642,36,0,2058,21,Opened,0,1,0,Clothing,1
637,24,2,6444,22,Damaged,0,1,0,Electronics,1
982,31,7,5879,21,Sealed,1,1,1,Footwear,1
1778,6,3,6244,8,Damaged,0,0,1,Electronics,1
1292,2,15,5163,17,Sealed,1,0,0,Footwear,1
1392,20,9,3930,16,Sealed,1,0,0,Accessories,1
719,28,11,9146,27,Opened,0,1,0,Accessories,1
1489,11,13,8931,23,Opened,1,0,1,Accessories,1
1444,4,13,9894,10,Sealed,0,1,1,Footwear,1
658,15,1,6759,10,Damaged,0,0,0,Electronics,1
327,6,4,541,27,Opened,0,0,1,Electronics,1
1710,49,4,6140,2,Damaged,0,0,1,Clothing,1
1258,30,5,6025,9,Opened,0,0,0,Footwear,1
1852,38,12,7458,17,Opened,0,1,0,Clothing,1
1267,2,8,4728,11,Damaged,0,1,1,Accessories,1
693,15,14,6470,10,Opened,1,0,1,Electronics,1
673,11,13,9628,22,Opened,0,1,1,Footwear,1
1860,8,6,1048,25,Damaged,1,0,0,Clothing,1
1407,26,19,8279,17,Opened,1,0,0,Clothing,1
1705,45,1,6215,4,Opened,1,0,0,Clothing,1
1641,44,6,559,16,Opened,0,0,1,Electronics,1
1505,5,5,7668,20,Damaged,1,1,1,Electronics,1
1266,6,16,4746,15,Sealed,1,0,0,Electronics,1
1725,26,1,492,25,Damaged,0,0,1,Footwear,1
1146,4,2,1887,27,Sealed,0,1,0,Electronics,0
1863,19,4,7474,21,Opened,1,0,1,Footwear,1
1530,20,4,1238,5,Sealed,0,1,0,Clothing,0
451,33,0,4841,6,Damaged,0,0,1,Clothing,1
573,20,7,7518,17,Damaged,0,0,1,Accessories,1
1301,49,11,6462,1,Opened,0,0,0,Electronics,1
1543,12,3,2554,25,Sealed,1,0,0,Clothing,0
1840,47,12,9758,19,Opened,0,0,0,Electronics,1
1419,1,14,3774,4,Opened,0,0,0,Footwear,1
1420,26,10,1477,17,Damaged,0,1,0,Clothing,1
1146,14,9,6801,9,Sealed,1,0,1,Electronics,1
1646,38,2,2697,24,Sealed,1,1,0,Clothing,0
1658,37,13,241,2,Sealed,0,1,0,Clothing,0
961,11,15,2759,8,Sealed,0,0,0,Electronics,0
1114,36,9,4696,15,Opened,1,1,0,Clothing,1
708,13,9,9131,7,Opened,0,0,0,Clothing,1
122,43,11,5761,27,Damaged,0,1,1,Clothing,1
11,3,8,6242,6,Opened,1,0,0,Clothing,1
651,33,0,5726,1,Opened,0,1,0,Footwear,1
229,6,4,8887,15,Damaged,0,1,0,Clothing,1
1599,10,19,8572,23,Damaged,1,0,1,Accessories,1
864,5,7,523,26,Damaged,1,1,1,Clothing,1
1769,23,10,7099,7,Opened,0,0,0,Electronics,1
1258,10,11,4349,29,Opened,1,0,0,Accessories,1
394,44,0,1850,25,Damaged,0,0,1,Footwear,1
1436,2,19,4857,17,Damaged,0,0,1,Accessories,1
1671,13,10,2067,2,Damaged,0,0,1,Accessories,1
1163,40,4,4188,27,Opened,1,1,0,Accessories,1
1086,2,14,4278,9,Opened,1,1,0,Electronics,1
1717,20,4,7889,29,Sealed,0,1,1,Electronics,1
739,1,11,3046,9,Opened,0,0,0,Electronics,1
1705,37,4,9741,13,Opened,1,1,1,Footwear,1
1743,9,16,5494,6,Opened,1,1,1,Electronics,1
1449,17,16,7980,6,Damaged,1,1,1,Electronics,1
256,9,11,5175,20,Opened,0,1,0,Accessories,1
845,11,14,7330,20,Damaged,1,1,1,Electronics,1
1472,15,14,1631,21,Sealed,1,0,1,Clothing,1
212,24,5,3090,3,Sealed,0,0,0,Electronics,0
1217,38,11,7255,17,Damaged,0,1,1,Footwear,1
132,35,19,4593,17,Damaged,0,0,0,Footwear,1
410,30,17,9435,12,Damaged,1,0,1,Clothing,1
776,31,13,1033,16,Opened,0,1,0,Footwear,1
303,49,1,1560,15,Sealed,0,1,1,Footwear,0
289,5,8,2823,13,Damaged,0,0,1,Accessories,1
1870,44,4,385,23,Opened,0,1,1,Clothing,1
893,14,19,364,1,Sealed,1,0,1,Accessories,0
1643,11,0,6916,17,Opened,0,0,1,Accessories,1
207,9,2,1862,3,Sealed,1,1,0,Electronics,0
991,34,5,140,26,Opened,1,0,0,Clothing,1
1940,12,4,5927,15,Sealed,1,0,1,Electronics,1
1544,35,4,8359,4,Sealed,0,0,1,Electronics,0
761,35,0,1087,4,Opened,1,1,1,Accessories,0
153,1,16,7904,18,Damaged,0,1,0,Footwear,1
618,40,18,7889,17,Sealed,0,1,0,Clothing,1
1234,22,13,5817,19,Damaged,0,1,1,Footwear,1
1157,29,11,3298,11,Opened,1,0,0,Accessories,1
196,8,9,5474,20,Damaged,0,1,1,Accessories,1
1359,11,19,4890,3,Damaged,0,1,1,Accessories,1
473,41,17,7283,8,Damaged,0,1,1,Accessories,1
1382,37,10,2624,14,Damaged,1,1,0,Accessories,1
1804,14,1,9377,26,Damaged,1,0,1,Accessories,1
669,30,17,2579,1,Sealed,1,0,1,Footwear,0
773,35,6,9985,14,Sealed,0,0,1,Electronics,1
964,21,14,5254,2,Sealed,1,1,0,Footwear,1
1965,37,10,878,29,Opened,0,1,0,Clothing,1
412,5,17,9877,23,Damaged,0,0,0,Footwear,1
1379,19,11,1592,4,Sealed,1,1,1,Accessories,0
1996,14,5,760,24,Opened,0,1,0,Footwear,1
1544,26,19,1448,27,Sealed,1,0,1,Electronics,1
156,4,12,9591,29,Sealed,0,0,0,Clothing,1
1181,25,19,7951,19,Damaged,1,1,1,Footwear,1
873,45,15,7256,6,Opened,0,1,0,Electronics,1
1744,42,17,2144,25,Damaged,0,1,1,Footwear,1
1853,25,9,7468,1,Damaged,0,0,0,Clothing,1
498,18,7,3616,17,Sealed,0,0,0,Footwear,1
938,40,17,9350,8,Damaged,0,0,0,Accessories,1
1969,8,0,9268,19,Opened,1,0,1,Footwear,1
1673,39,7,4677,21,Damaged,0,1,0,Electronics,1
560,40,5,827,1,Damaged,1,0,0,Footwear,0
347,14,4,7568,5,Damaged,1,0,0,Electronics,1
881,32,14,442,27,Sealed,1,1,0,Clothing,0
650,38,14,1547,16,Opened,0,1,1,Footwear,1
1812,33,1,6681,6,Sealed,0,1,0,Clothing,0
1986,23,0,6417,8,Sealed,0,0,1,Clothing,0
482,15,10,626,13,Sealed,1,1,1,Footwear,1
1979,33,9,6848,16,Sealed,0,1,1,Electronics,1
160,25,17,505,3,Sealed,0,0,1,Clothing,0
1448,17,17,8086,19,Opened,1,0,0,Clothing,1
1331,33,16,9865,12,Damaged,1,1,1,Footwear,1
1644,47,7,3840,16,Sealed,1,0,1,Footwear,1
272,2,14,1946,27,Sealed,1,1,1,Footwear,1
1797,14,7,1578,11,Opened,1,1,1,Footwear,1
153,40,16,871,10,Opened,1,0,0,Footwear,0
355,40,11,5625,25,Damaged,0,1,0,Accessories,1
633,39,7,8870,20,Opened,1,0,1,Footwear,1
1026,6,13,293,4,Damaged,0,0,1,Electronics,1
1605,6,3,2107,12,Sealed,0,0,1,Clothing,0
890,3,0,1285,23,Sealed,0,1,0,Electronics,0
11,7,0,2494,2,Damaged,1,0,0,Electronics,1
906,8,18,9402,24,Opened,0,0,0,Accessories,1
1337,42,15,4105,22,Damaged,1,1,0,Footwear,1
263,15,13,7529,19,Opened,1,1,0,Clothing,1
1685,47,15,2361,25,Sealed,0,1,1,Electronics,0
462,29,4,3836,5,Opened,1,1,0,Footwear,1
1070,33,8,6816,8,Damaged,0,0,0,Footwear,1
1193,30,1,4975,7,Damaged,0,0,1,Accessories,1
1024,39,17,9021,14,Sealed,1,0,0,Accessories,1
18,27,5,4478,24,Opened,0,1,0,Accessories,1
1266,36,8,7915,23,Opened,0,1,0,Clothing,1
1132,29,0,3551,3,Opened,0,0,1,Electronics,1
1692,38,8,7716,18,Sealed,1,1,0,Accessories,1
825,33,15,9936,16,Opened,0,1,1,Accessories,1
217,37,12,2900,23,Damaged,1,0,1,Accessories,1
1164,27,8,8433,19,Opened,1,0,0,Electronics,1
413,33,12,5510,19,Sealed,0,1,0,Electronics,1
161,4,8,1555,18,Opened,0,1,0,Accessories,1
63,22,10,6992,20,Opened,1,1,0,Accessories,1
1153,2,3,5908,16,Damaged,1,0,1,Footwear,1
1706,10,1,6896,8,Opened,0,0,0,Accessories,1
1953,5,5,4896,28,Damaged,0,0,1,Clothing,1
637,10,13,5193,1,Damaged,1,0,1,Clothing,1
596,33,3,1425,17,Sealed,1,0,1,Accessories,0
1658,38,5,5076,12,Damaged,1,1,1,Electronics,1
1453,13,18,9505,21,Damaged,1,1,1,Footwear,1
1455,31,5,1259,11,Sealed,1,1,0,Electronics,0
113,47,1,4750,5,Damaged,0,0,1,Accessories,1
1885,36,17,5087,27,Sealed,1,0,1,Clothing,1
263,45,12,4797,12,Opened,1,0,0,Footwear,1
1260,24,8,440,17,Sealed,0,1,0,Electronics,0
1145,15,18,3928,6,Damaged,0,0,1,Electronics,1
519,29,12,2068,1,Sealed,1,0,1,Accessories,0
1506,8,10,803,5,Damaged,1,1,0,Footwear,1
108,5,0,5582,25,Opened,0,0,1,Clothing,1
162,29,6,6476,28,Sealed,1,1,0,Accessories,1
1894,47,14,1900,14,Opened,1,0,0,Footwear,1
923,4,0,5563,5,Damaged,0,0,1,Electronics,1
1929,12,11,5012,22,Damaged,1,1,0,Accessories,1
887,45,6,4748,24,Opened,0,1,1,Electronics,1
347,2,14,955,27,Sealed,0,1,1,Electronics,1
1739,27,18,2966,1,Sealed,0,1,1,Accessories,0
831,31,0,282,18,Damaged,0,1,0,Accessories,1
1196,36,16,3212,16,Opened,1,1,1,Accessories,1
1753,36,16,5770,9,Opened,0,0,0,Accessories,1
966,26,2,4592,19,Sealed,1,0,1,Accessories,1
1714,43,11,5923,22,Sealed,1,1,1,Electronics,1
170,27,5,1617,5,Sealed,1,0,0,Clothing,0
1613,5,10,5102,27,Opened,1,1,1,Clothing,1
810,20,2,1456,2,Sealed,1,0,1,Accessories,0
407,11,7,3729,15,Sealed,0,1,0,Electronics,1
1310,10,13,3728,7,Damaged,0,0,0,Clothing,1
825,40,13,8310,4,Sealed,0,0,0,Clothing,0
1949,38,9,6232,1,Sealed,0,0,1,Clothing,0
1537,6,1,9424,13,Opened,1,0,0,Electronics,1
1929,8,13,6688,20,Opened,0,0,0,Accessories,1
1425,23,8,3411,22,Damaged,1,1,1,Accessories,1
1168,47,2,6148,7,Sealed,1,1,0,Accessories,0
1228,26,7,6346,15,Damaged,0,1,1,Footwear,1
410,46,15,1087,23,Opened,0,0,1,Footwear,1
649,43,1,3421,14,Damaged,0,1,0,Footwear,1
1066,12,5,4715,23,Opened,0,0,1,Electronics,1
697,26,11,8465,19,Damaged,1,0,0,Clothing,1
469,13,4,3841,22,Damaged,1,0,0,Clothing,1
964,40,1,3152,29,Sealed,0,1,0,Electronics,1
1916,18,15,6674,24,Damaged,1,0,0,Electronics,1
479,25,4,826,20,Sealed,1,1,1,Accessories,0
1408,33,14,3860,29,Sealed,1,1,1,Accessories,1
1055,47,11,5906,24,Sealed,0,0,0,Footwear,1
759,40,3,1975,18,Sealed,1,0,0,Footwear,0
1703,43,14,7093,10,Damaged,0,1,1,Electronics,1
47,12,10,4133,9,Opened,0,1,0,Footwear,1
239,44,15,5543,25,Opened,1,1,1,Clothing,1
1398,36,5,1089,8,Opened,1,1,0,Electronics,0
572,48,13,3844,26,Damaged,0,1,1,Electronics,1
447,4,17,8711,29,Sealed,1,1,1,Clothing,1
1809,5,11,693,10,Opened,1,0,1,Accessories,1
1316,37,10,1874,17,Damaged,0,1,0,Accessories,1
36,8,12,1035,2,Sealed,0,1,0,Clothing,1
235,42,10,3908,6,Opened,0,1,0,Clothing,1
1310,49,15,431,26,Sealed,0,1,0,Footwear,0
807,28,14,8022,5,Opened,1,0,0,Electronics,1
1642,31,14,2802,28,Opened,1,0,1,Footwear,1
293,9,3,5989,9,Opened,0,1,1,Clothing,1
888,29,10,5154,5,Sealed,0,1,1,Footwear,0
969,14,18,3968,18,Damaged,0,1,1,Clothing,1
1514,40,14,4300,26,Sealed,1,0,1,Footwear,1
462,41,3,301,20,Opened,0,0,1,Footwear,1
1029,22,12,2597,9,Sealed,1,0,1,Accessories,0
1862,11,18,1942,17,Damaged,0,0,0,Clothing,1
825,23,1,9201,27,Sealed,0,0,1,Footwear,1
668,1,13,4758,17,Damaged,0,0,0,Electronics,1
1549,46,3,7644,12,Damaged,1,1,1,Footwear,1
556,37,15,7818,7,Sealed,1,0,1,Footwear,0
1225,21,19,870,27,Opened,1,0,0,Electronics,1
1082,26,13,3255,3,Damaged,0,1,1,Clothing,1
1545,46,14,1728,10,Sealed,1,0,0,Accessories,0
26,36,2,486,2,Damaged,1,1,1,Accessories,1
1205,23,7,6131,25,Opened,0,0,0,Accessories,1
1253,1,15,6539,3,Sealed,0,1,1,Electronics,1
167,40,9,6501,16,Sealed,1,1,0,Footwear,1
486,15,3,4108,2,Sealed,1,1,0,Clothing,0
1079,21,17,2566,28,Opened,1,1,1,Footwear,1
1406,47,1,2382,24,Damaged,1,1,1,Accessories,1
527,9,16,1956,10,Sealed,0,0,0,Footwear,0
108,9,12,8080,6,Damaged,0,0,1,Electronics,1
1925,10,3,2098,22,Damaged,0,1,0,Electronics,1
1778,26,10,5576,26,Opened,1,1,1,Clothing,1
1070,41,6,9528,11,Sealed,1,1,0,Clothing,1
289,35,11,4769,23,Damaged,0,0,1,Accessories,1
1382,25,9,9442,7,Sealed,0,1,0,Clothing,0
506,26,6,4418,27,Sealed,1,1,1,Footwear,1
311,11,12,7164,29,Opened,1,1,0,Electronics,1
190,38,6,7546,15,Sealed,0,1,0,Electronics,1
616,2,16,1531,6,Sealed,0,0,1,Electronics,0
1132,7,9,5724,20,Damaged,0,1,1,Clothing,1
709,18,9,7561,27,Opened,1,1,0,Electronics,1
1002,27,3,1919,9,Sealed,1,0,0,Electronics,0
1149,34,19,1230,22,Damaged,1,1,0,Electronics,1
200,27,3,6663,20,Opened,1,1,0,Accessories,1
262,17,6,2758,12,Opened,1,0,1,Accessories,1
990,43,0,3600,19,Damaged,1,0,0,Clothing,1
937,44,11,8666,20,Damaged,0,0,0,Electronics,1
1194,24,12,2220,3,Damaged,0,1,0,Clothing,0
1289,25,9,4120,15,Damaged,1,1,1,Electronics,1
1356,7,14,3359,2,Damaged,0,0,0,Electronics,1
137,6,12,1923,21,Sealed,1,0,1,Electronics,1
27,24,8,1574,2,Sealed,0,0,1,Clothing,0
1826,33,8,2342,22,Opened,1,1,1,Clothing,1
1768,49,14,3343,3,Sealed,0,1,1,Electronics,0
575,29,9,7090,6,Sealed,0,0,1,Footwear,0
579,43,9,5260,15,Sealed,1,1,1,Clothing,1
1356,22,7,3234,27,Damaged,1,0,1,Accessories,1
1905,26,15,2170,10,Opened,0,1,0,Clothing,1
695,28,16,459,9,Opened,0,1,0,Electronics,1
1825,21,4,1241,1,Opened,1,1,1,Footwear,0
635,49,3,1735,16,Opened,0,1,0,Electronics,1
1321,7,17,4100,6,Sealed,1,0,0,Accessories,1
1976,17,18,3461,9,Sealed,1,1,1,Clothing,1
863,20,3,6683,27,Damaged,0,1,0,Clothing,1
1696,41,6,7935,4,Opened,1,0,1,Electronics,1
971,49,9,106,27,Sealed,0,1,0,Electronics,0
1672,20,17,3367,28,Sealed,0,0,1,Accessories,1
164,22,18,6664,2,Damaged,1,0,1,Footwear,1
499,28,3,9883,29,Damaged,0,1,0,Accessories,1
1419,40,9,5028,4,Damaged,1,1,0,Footwear,1
794,49,0,2706,1,Sealed,1,0,1,Clothing,0
1137,7,17,6006,19,Sealed,1,0,1,Footwear,1
1962,1,4,3373,26,Damaged,0,0,1,Footwear,1
1426,32,14,7711,25,Opened,1,1,0,Clothing,1
1844,13,16,1013,10,Damaged,0,0,0,Clothing,1
255,30,2,2111,21,Damaged,1,0,0,Clothing,1
1209,23,11,1542,15,Damaged,1,0,0,Accessories,1
1072,19,1,5646,27,Damaged,1,1,1,Clothing,1
1510,32,0,1929,22,Sealed,0,0,1,Electronics,0
1715,30,16,8867,19,Opened,0,1,1,Clothing,1
768,29,15,6568,16,Damaged,1,1,1,Clothing,1
547,49,4,1029,21,Opened,1,0,0,Clothing,1
1900,45,14,3799,27,Opened,0,1,1,Footwear,1
1851,29,2,9755,24,Opened,0,0,1,Accessories,1
930,30,6,1154,22,Damaged,0,1,0,Clothing,1
417,16,10,5844,4,Sealed,1,1,0,Accessories,1
534,40,9,2000,2,Damaged,0,0,1,Electronics,0
837,19,8,9749,25,Opened,1,0,0,Electronics,1
1539,18,13,7080,13,Opened,0,0,1,Clothing,1
912,1,12,7169,28,Sealed,1,1,0,Electronics,1
1858,14,1,9691,1,Damaged,1,1,0,Accessories,1
45,47,2,3515,17,Opened,1,0,1,Footwear,1
694,2,6,542,13,Sealed,0,0,0,Clothing,1
29,28,17,6318,4,Opened,0,1,1,Electronics,1
330,49,2,4752,7,Sealed,0,1,0,Accessories,0
1809,30,9,8039,17,Sealed,1,1,0,Accessories,1
521,38,6,7933,9,Damaged,1,0,0,Electronics,1
409,4,8,9470,4,Opened,0,1,0,Accessories,1
663,1,16,7697,19,Damaged,1,0,0,Accessories,1
981,8,10,4558,1,Opened,1,1,1,Clothing,1
1916,29,6,6691,10,Damaged,1,1,0,Accessories,1
480,39,13,9549,4,Opened,0,0,1,Electronics,1
1176,3,18,2409,9,Damaged,1,0,0,Clothing,1
1125,32,3,6368,13,Sealed,0,0,1,Electronics,1
1387,10,5,1010,14,Opened,0,1,0,Footwear,1
843,10,9,4440,10,Opened,0,1,1,Electronics,1
1833,19,6,4109,6,Sealed,0,1,1,Electronics,0
736,46,12,6728,16,Damaged,0,0,0,Clothing,1
1992,34,13,2269,6,Opened,1,1,0,Accessories,0
863,33,3,2272,17,Opened,0,0,0,Electronics,1
60,23,7,5768,10,Damaged,0,0,1,Clothing,1
1698,28,4,6413,18,Sealed,0,0,1,Footwear,1
1731,32,0,8415,27,Damaged,1,1,0,Clothing,1
584,7,3,8136,22,Damaged,1,1,0,Clothing,1
1223,29,2,6889,18,Damaged,1,0,1,Accessories,1
1158,8,8,885,3,Opened,1,1,1,Electronics,1
159,1,7,6239,20,Sealed,0,0,0,Footwear,1
323,3,0,6444,27,Sealed,0,0,1,Clothing,1
579,24,5,2516,21,Damaged,1,1,0,Electronics,1
1375,23,8,9088,25,Opened,1,0,0,Electronics,1
314,8,6,4254,28,Damaged,1,0,0,Clothing,1
1725,47,3,5719,15,Opened,1,1,1,Electronics,1
691,37,12,2036,15,Opened,0,0,1,Clothing,1
847,3,16,3907,4,Opened,1,0,1,Clothing,1
1816,33,1,7251,29,Opened,1,0,1,Clothing,1
1087,28,4,9593,27,Sealed,1,0,0,Footwear,1
1012,47,11,3336,9,Opened,1,0,1,Clothing,1
453,8,7,2452,27,Opened,1,0,0,Accessories,1
622,34,5,2032,26,Damaged,1,0,0,Electronics,1
1002,35,7,8656,19,Damaged,1,1,0,Footwear,1
273,32,17,5016,24,Sealed,0,1,1,Electronics,1
1086,24,2,5598,28,Damaged,0,0,0,Footwear,1
1605,14,11,1046,17,Opened,0,0,0,Accessories,1
1013,32,2,9669,11,Damaged,0,1,1,Footwear,1
1653,46,5,1539,25,Sealed,0,1,0,Footwear,0
14,43,1,7830,9,Damaged,0,1,1,Footwear,1
1136,16,11,4957,10,Damaged,1,1,1,Electronics,1
1229,4,1,440,18,Sealed,1,1,1,Clothing,0
783,37,5,482,20,Sealed,0,0,0,Electronics,0
886,21,16,9848,13,Opened,1,1,1,Clothing,1
1001,14,2,8591,8,Damaged,0,1,1,Electronics,1
893,31,1,238,7,Opened,1,1,1,Accessories,0
1383,48,19,458,17,Damaged,1,0,1,Accessories,1
56,18,7,5031,21,Damaged,1,0,0,Footwear,1
876,7,11,9814,23,Opened,1,0,1,Accessories,1
832,10,3,3556,15,Damaged,1,0,0,Footwear,1
945,7,4,1727,20,Damaged,1,0,1,Clothing,1
1853,33,12,9595,15,Damaged,0,0,0,Accessories,1
665,23,14,6726,1,Sealed,0,1,1,Clothing,1
278,21,15,5104,25,Opened,1,0,0,Electronics,1
379,19,9,9426,14,Sealed,0,0,1,Clothing,1
645,48,15,6752,5,Opened,1,1,0,Electronics,1
1139,19,11,6516,11,Opened,0,0,0,Clothing,1
1703,36,16,3270,16,Damaged,1,1,0,Clothing,1
1692,29,15,3935,2,Opened,0,1,1,Accessories,1
666,18,11,8117,8,Sealed,1,0,0,Clothing,1
129,2,7,2251,11,Sealed,0,1,0,Accessories,1
840,1,19,9529,29,Sealed,1,1,0,Accessories,1
1820,47,2,7005,18,Opened,0,1,0,Footwear,1
1637,5,15,2934,3,Sealed,1,1,1,Footwear,0
1091,20,12,9290,26,Opened,1,0,0,Electronics,1
1984,11,18,2667,1,Sealed,1,1,0,Clothing,0
1379,42,7,1407,11,Sealed,0,0,0,Electronics,0
750,2,4,8948,16,Opened,0,1,1,Clothing,1
1507,3,19,2760,18,Sealed,0,1,0,Footwear,1
126,23,7,3830,16,Damaged,1,1,0,Footwear,1
1863,12,11,6307,23,Opened,0,0,0,Clothing,1
800,20,0,3262,10,Opened,1,0,0,Clothing,1
1160,5,19,1240,18,Opened,0,0,1,Footwear,1
1426,37,5,8558,6,Damaged,0,1,0,Footwear,1
1941,38,17,1808,19,Opened,0,1,0,Electronics,1
1022,30,7,3730,4,Sealed,0,1,1,Footwear,0
1674,9,6,3311,27,Sealed,1,1,1,Clothing,1
1091,34,0,6638,13,Sealed,0,0,1,Electronics,1
643,44,15,9802,24,Opened,0,1,0,Clothing,1
522,35,11,575,14,Sealed,1,0,1,Accessories,0
1784,22,5,7784,3,Opened,1,1,0,Electronics,1
811,44,19,9268,10,Sealed,0,0,1,Clothing,0
1129,24,1,1307,6,Damaged,0,0,0,Footwear,0
1671,17,13,2060,1,Damaged,1,1,1,Accessories,1
1151,10,3,657,23,Damaged,1,1,0,Clothing,1
569,30,0,982,24,Damaged,1,0,1,Electronics,1
1634,46,17,4861,27,Opened,0,1,0,Clothing,1
497,23,12,5967,14,Sealed,0,1,0,Accessories,1
1270,32,1,7063,8,Damaged,0,0,0,Electronics,1
1918,17,8,7266,19,Opened,1,0,0,Accessories,1
906,17,1,8029,14,Damaged,1,0,0,Clothing,1
1305,14,8,5447,10,Damaged,1,0,0,Footwear,1
1222,9,0,7369,17,Opened,0,1,0,Footwear,1
713,40,10,9902,9,Opened,1,0,0,Clothing,1
1480,2,2,8225,29,Sealed,0,0,1,Clothing,1
590,45,19,2554,6,Sealed,1,0,0,Clothing,0
799,25,3,4594,11,Damaged,0,1,0,Electronics,1
870,39,17,2046,25,Damaged,0,0,1,Accessories,1
256,9,5,2908,7,Sealed,1,1,0,Accessories,0
1996,22,2,6742,17,Sealed,0,0,1,Accessories,1
1109,43,10,3925,28,Opened,1,0,0,Clothing,1
163,46,14,3636,28,Sealed,0,1,1,Accessories,1
1689,4,4,6168,1,Sealed,1,0,1,Clothing,1
1468,26,19,3902,22,Damaged,1,0,0,Electronics,1
1006,29,9,4799,5,Sealed,0,1,1,Footwear,0
1119,45,11,2070,9,Damaged,1,0,0,Clothing,0
706,34,14,5906,18,Sealed,0,0,0,Clothing,1
1318,23,16,6242,24,Opened,1,0,0,Footwear,1
1253,37,9,2919,27,Sealed,1,0,0,Footwear,0
1102,11,5,9194,21,Sealed,1,1,1,Electronics,1
1080,6,17,464,2,Sealed,1,0,0,Accessories,0
1018,18,12,4358,29,Damaged,0,1,1,Clothing,1
103,21,2,3219,26,Opened,1,0,1,Accessories,1
1783,42,9,1963,11,Sealed,1,1,0,Clothing,0
967,36,13,215,27,Damaged,0,0,0,Electronics,1
1021,41,5,7184,28,Opened,0,1,0,Footwear,1
462,38,2,8116,6,Damaged,0,0,0,Electronics,1
1237,34,15,2484,26,Damaged,0,1,1,Footwear,1
921,17,6,4035,8,Opened,0,1,0,Accessories,1
227,37,19,7842,4,Sealed,0,0,1,Accessories,1
483,25,13,5542,18,Damaged,1,1,0,Electronics,1
441,38,8,2590,28,Damaged,0,0,0,Footwear,1
350,12,14,7080,11,Sealed,1,0,0,Electronics,1
560,23,2,9234,5,Sealed,0,0,0,Footwear,0
1645,42,1,7761,15,Opened,1,0,1,Footwear,1
1322,22,1,1824,28,Opened,1,0,1,Accessories,1
1287,21,2,8282,18,Opened,1,1,0,Accessories,1
1767,27,17,2867,2,Sealed,0,0,1,Footwear,0
366,31,13,1237,22,Damaged,0,0,1,Footwear,1
32,6,19,4217,11,Damaged,0,0,0,Footwear,1
1795,27,17,3520,26,Opened,0,0,0,Accessories,1
531,40,9,5945,25,Sealed,1,0,1,Accessories,1
1791,34,1,4878,13,Damaged,0,0,1,Clothing,1
1870,12,0,4006,4,Opened,1,1,1,Footwear,1
1133,45,3,3737,22,Damaged,1,1,1,Clothing,1
811,7,13,3053,7,Damaged,0,0,0,Footwear,1
1213,10,0,6029,29,Sealed,0,1,0,Accessories,1
1256,45,13,376,11,Sealed,0,0,1,Clothing,0
1939,17,15,2099,22,Damaged,1,0,0,Clothing,1
771,26,13,1327,24,Opened,0,0,1,Electronics,1
1692,21,19,6437,4,Sealed,1,0,1,Footwear,1
451,28,2,3835,28,Damaged,0,0,0,Accessories,1
1641,46,2,795,15,Sealed,1,1,1,Electronics,0
778,2,8,9601,1,Sealed,0,1,1,Electronics,1
1025,43,5,4252,23,Sealed,0,1,0,Footwear,1
1358,1,12,8001,3,Damaged,1,1,0,Electronics,1
525,36,1,7570,14,Opened,0,0,1,Footwear,1
1049,26,7,7637,6,Opened,0,1,1,Electronics,1
801,29,1,2941,18,Opened,0,0,0,Footwear,1
345,21,3,4308,25,Sealed,0,1,1,Accessories,1
1792,11,14,8833,1,Damaged,0,1,1,Footwear,1
267,40,3,1188,6,Sealed,0,1,0,Footwear,0
506,11,12,3463,6,Opened,0,1,0,Clothing,1
905,36,11,124,21,Opened,1,0,0,Accessories,1
169,49,12,9864,16,Damaged,1,1,0,Accessories,1
1508,39,13,6244,29,Sealed,0,1,0,Accessories,1
861,40,19,5768,5,Opened,0,0,0,Electronics,1
1697,35,17,4336,17,Damaged,0,0,1,Clothing,1
1941,34,5,8168,10,Sealed,1,1,1,Accessories,0
699,47,10,2335,28,Sealed,1,0,0,Electronics,0
1708,24,1,7395,21,Opened,0,0,0,Electronics,1
389,22,18,8492,18,Opened,1,0,1,Electronics,1
1578,5,18,8548,7,Sealed,0,1,1,Clothing,1
1962,33,4,3847,3,Sealed,0,0,1,Electronics,0
966,36,18,3275,13,Opened,0,1,0,Clothing,1
700,47,1,4997,15,Sealed,0,1,0,Footwear,1
1460,20,9,5137,20,Opened,1,1,1,Electronics,1
1646,19,1,7527,19,Sealed,1,1,0,Accessories,1
1301,35,10,8705,3,Opened,0,0,0,Electronics,1
1868,43,17,2114,4,Damaged,1,1,0,Footwear,0
1610,17,14,1481,5,Opened,1,0,1,Footwear,1
1450,45,8,1198,1,Opened,0,1,1,Electronics,0
1201,43,18,3526,4,Damaged,1,0,0,Footwear,1
1875,34,8,3755,12,Sealed,0,1,0,Clothing,1
1076,9,2,8038,28,Damaged,0,0,0,Clothing,1
1589,26,8,9201,27,Opened,0,1,0,Electronics,1
294,2,13,287,24,Sealed,0,1,0,Clothing,1
406,9,18,5509,10,Damaged,1,0,1,Clothing,1
21,9,6,2192,23,Sealed,0,1,0,Accessories,1
1640,40,15,2230,25,Sealed,1,1,0,Electronics,0
1335,17,15,5342,21,Damaged,0,1,0,Footwear,1
1931,1,0,8649,29,Sealed,0,0,1,Electronics,1
1286,25,3,5747,26,Damaged,1,1,1,Clothing,1
508,43,3,5285,20,Opened,0,1,0,Accessories,1
763,40,6,5876,24,Sealed,1,0,1,Electronics,1
44,42,7,8013,25,Opened,1,0,1,Electronics,1
736,25,16,7647,13,Opened,0,0,1,Clothing,1
858,39,4,7923,23,Sealed,0,0,1,Clothing,1
99,35,6,7455,14,Damaged,0,0,1,Electronics,1
785,3,19,6565,23,Sealed,0,1,1,Clothing,1
614,37,19,1597,5,Opened,0,1,0,Clothing,1
1955,44,3,2655,4,Opened,0,1,1,Clothing,0
979,44,5,5509,14,Damaged,1,0,1,Clothing,1
1635,30,6,3051,10,Sealed,1,1,0,Clothing,0
1031,38,17,1338,17,Opened,0,0,0,Accessories,1
427,34,4,9265,10,Opened,1,0,0,Clothing,1
124,12,19,4827,26,Opened,1,1,0,Footwear,1
626,19,2,4065,7,Damaged,0,0,1,Electronics,1
1936,37,6,5786,16,Opened,0,0,1,Accessories,1
1229,44,13,9342,1,Opened,1,1,1,Accessories,1
835,49,6,3801,17,Sealed,0,0,1,Clothing,1
1534,17,4,2880,21,Sealed,1,0,0,Electronics,0
1659,10,4,7498,29,Opened,0,1,1,Footwear,1
1526,49,1,1688,9,Opened,1,0,1,Clothing,0
1108,47,5,2468,6,Sealed,1,0,0,Electronics,0
422,12,14,5889,19,Damaged,1,1,1,Clothing,1
1409,16,9,536,13,Damaged,1,1,1,Clothing,1
1453,24,6,2928,3,Damaged,0,1,1,Clothing,0
738,19,4,1656,7,Damaged,0,1,1,Clothing,0
1310,8,0,7670,22,Damaged,1,0,0,Clothing,1
1030,31,12,7580,9,Damaged,1,0,0,Clothing,1
770,21,17,9596,22,Damaged,0,1,0,Clothing,1
685,17,12,282,5,Damaged,0,0,0,Footwear,1
1427,23,17,7290,10,Sealed,1,0,0,Accessories,1
1902,37,4,6787,23,Damaged,1,1,1,Footwear,1
466,16,12,5665,17,Damaged,1,1,1,Clothing,1
929,6,3,7341,12,Damaged,1,0,0,Clothing,1
201,8,16,7751,23,Opened,1,1,0,Footwear,1
748,25,2,5675,16,Sealed,0,1,0,Footwear,1
1722,18,16,1689,3,Sealed,1,1,1,Accessories,0
1132,25,10,9879,25,Sealed,0,0,0,Footwear,1
1581,12,19,8951,22,Damaged,0,1,1,Accessories,1
987,15,3,259,9,Damaged,0,0,1,Clothing,0
1018,26,1,6655,29,Opened,1,0,1,Electronics,1
105,41,19,9303,15,Sealed,0,0,1,Electronics,1
1697,45,15,8344,5,Damaged,0,1,0,Electronics,1
672,26,17,6946,23,Sealed,0,1,1,Electronics,1
1223,47,7,2407,13,Opened,0,1,1,Clothing,1
1769,32,2,1328,14,Opened,1,1,0,Electronics,1
46,10,8,7326,20,Opened,1,1,1,Footwear,1
1813,16,19,5690,15,Sealed,0,0,1,Footwear,1
1402,7,5,7019,16,Damaged,0,0,1,Electronics,1
1728,17,9,5685,23,Damaged,1,0,0,Footwear,1
1558,23,9,9327,13,Opened,1,1,1,Accessories,1
288,26,12,6146,17,Damaged,1,0,1,Clothing,1
226,21,16,5045,23,Opened,0,0,0,Electronics,1
876,22,8,8027,8,Sealed,1,1,0,Electronics,0
882,7,16,7116,21,Opened,0,1,1,Clothing,1
1831,14,8,7858,2,Sealed,0,0,1,Footwear,1
1306,15,8,5186,5,Opened,1,0,0,Clothing,1
1914,7,0,9556,6,Damaged,0,1,1,Clothing,1
71,9,1,7261,12,Damaged,1,1,0,Footwear,1
605,48,15,1984,18,Opened,0,1,1,Clothing,1
1913,8,0,1909,22,Damaged,1,1,0,Footwear,1
738,23,9,3267,22,Damaged,0,0,1,Footwear,1
1375,29,17,6452,1,Damaged,0,0,0,Clothing,1
406,18,7,9109,17,Sealed,1,1,0,Accessories,1
708,31,10,6156,11,Damaged,1,0,0,Footwear,1
1052,30,1,2537,10,Sealed,1,0,0,Clothing,0
186,39,7,6568,19,Opened,1,1,0,Footwear,1
1645,35,7,9180,14,Damaged,0,0,1,Accessories,1
405,18,16,6051,26,Damaged,1,0,1,Accessories,1
454,42,14,5376,10,Damaged,1,0,0,Electronics,1
1266,39,16,8959,15,Opened,0,1,1,Footwear,1
1948,17,12,7918,28,Sealed,1,1,1,Footwear,1
85,14,18,4828,19,Sealed,1,0,1,Clothing,1
274,31,4,2724,4,Damaged,0,1,1,Footwear,0
464,24,11,5838,2,Opened,1,1,1,Electronics,1
1829,35,0,4332,9,Opened,1,1,1,Accessories,1
727,44,4,5893,10,Opened,1,0,0,Accessories,1
744,45,7,4623,28,Opened,1,0,1,Electronics,1
1417,34,12,5671,11,Opened,1,1,1,Footwear,1
1597,3,7,9110,14,Sealed,1,0,1,Footwear,1
860,37,10,9398,7,Sealed,0,0,0,Electronics,0
1539,43,0,2324,23,Sealed,1,0,1,Clothing,0
1400,40,12,8489,15,Damaged,0,0,1,Accessories,1
153,26,18,6191,22,Opened,0,0,1,Electronics,1
894,23,2,8762,19,Damaged,0,1,0,Electronics,1
1102,44,16,6461,22,Opened,0,0,1,Footwear,1
1132,39,4,2048,15,Sealed,1,0,0,Accessories,0
405,15,19,7194,28,Damaged,1,0,1,Footwear,1
1058,49,7,6418,24,Sealed,1,1,0,Electronics,1
957,4,13,3896,8,Opened,0,1,0,Clothing,1
900,29,3,334,11,Opened,1,1,0,Accessories,1
1502,22,10,9220,29,Opened,1,0,1,Electronics,1
1517,25,19,3707,9,Sealed,1,1,0,Electronics,1
1598,13,14,8143,15,Opened,0,1,0,Clothing,1
1184,18,18,622,1,Sealed,0,1,0,Electronics,0
1177,33,6,6004,1,Damaged,1,1,0,Electronics,1
578,16,18,4988,19,Opened,0,0,1,Accessories,1
1072,45,18,9921,3,Opened,0,1,1,Accessories,1
118,42,10,5932,10,Opened,1,1,1,Accessories,1
1726,44,4,7222,8,Damaged,0,0,1,Footwear,1
1075,2,4,5942,15,Opened,0,0,0,Clothing,1
1219,35,7,1416,10,Sealed,1,1,1,Accessories,0
944,42,9,1224,1,Sealed,0,0,0,Footwear,0
407,34,5,5721,29,Opened,0,1,1,Footwear,1
1256,30,14,5523,18,Opened,0,0,1,Clothing,1
643,13,15,2687,2,Damaged,0,0,1,Clothing,1
1166,13,16,9315,19,Damaged,0,1,0,Electronics,1
1196,18,7,5772,13,Damaged,0,0,1,Footwear,1
1248,32,7,1478,22,Opened,0,1,1,Accessories,1
742,32,8,3474,1,Damaged,0,0,1,Clothing,1
244,35,1,1619,2,Damaged,1,1,0,Footwear,0
1876,39,14,5877,29,Sealed,1,0,1,Accessories,1
667,46,17,8035,16,Damaged,1,0,1,Footwear,1
760,29,2,6193,15,Sealed,1,0,0,Clothing,1
597,49,16,8518,13,Sealed,0,0,0,Electronics,1
1042,29,3,5455,16,Damaged,1,0,1,Footwear,1
1107,44,3,5068,17,Sealed,1,1,1,Accessories,1
963,16,13,9183,21,Opened,0,0,1,Clothing,1
501,44,8,5674,29,Opened,0,1,0,Electronics,1
922,47,8,4172,29,Damaged,0,1,0,Accessories,1
1286,10,17,2357,7,Opened,0,1,0,Accessories,1
1263,30,9,8688,24,Sealed,0,0,1,Accessories,1
1552,25,3,4524,26,Opened,1,1,0,Footwear,1
1207,39,11,3337,17,Damaged,0,0,1,Clothing,1
1686,20,7,3993,7,Damaged,1,1,0,Accessories,1
1201,5,1,2105,13,Sealed,1,1,0,Footwear,0
179,1,12,2116,5,Damaged,0,1,0,Clothing,1
1426,30,15,9488,26,Opened,1,1,1,Clothing,1
955,49,1,1872,17,Damaged,1,1,1,Footwear,1
804,3,10,8453,3,Sealed,0,0,1,Footwear,1
643,45,9,4076,7,Damaged,1,1,1,Accessories,1
1227,14,14,1851,26,Opened,1,1,0,Clothing,1
1550,30,16,9067,17,Sealed,1,0,1,Electronics,1
38,4,7,7530,7,Opened,0,0,0,Footwear,1
1198,18,17,7270,21,Sealed,0,0,1,Clothing,1
1455,37,8,6569,1,Damaged,0,1,1,Clothing,1
348,25,7,9231,17,Sealed,1,1,0,Accessories,1
1681,48,13,3320,17,Sealed,0,1,0,Electronics,1
1529,1,17,639,11,Damaged,1,1,1,Accessories,1
1398,46,19,1561,25,Opened,0,1,1,Electronics,1
1866,15,19,5284,27,Damaged,1,1,0,Electronics,1
1375,9,11,8647,29,Sealed,0,0,0,Footwear,1
509,15,18,334,3,Damaged,0,0,0,Clothing,1
1690,49,13,1648,15,Sealed,1,1,0,Clothing,0
520,24,16,7580,29,Damaged,0,1,0,Clothing,1
1360,4,2,4313,21,Damaged,1,1,1,Electronics,1
226,12,6,1773,11,Opened,0,1,1,Clothing,1
1334,37,16,6808,26,Sealed,0,1,1,Footwear,1
1165,37,11,8082,28,Opened,1,0,1,Electronics,1
1837,43,8,2200,16,Sealed,1,0,0,Electronics,0
1103,6,14,3848,25,Damaged,1,1,0,Electronics,1
1285,39,17,3273,22,Sealed,0,0,0,Electronics,1
1448,46,12,1915,28,Opened,1,1,1,Footwear,1
1820,24,7,3941,9,Opened,0,1,0,Clothing,1
454,11,13,8116,24,Opened,1,1,0,Footwear,1
885,13,7,7111,24,Sealed,1,0,1,Clothing,1
1215,34,13,4593,1,Opened,1,0,1,Footwear,1
176,25,6,774,29,Opened,1,1,1,Accessories,1
100,7,11,8188,25,Opened,1,0,0,Accessories,1
723,4,10,8678,22,Damaged,1,0,0,Accessories,1
1891,8,10,2258,16,Damaged,0,1,1,Accessories,1
1564,20,12,2761,9,Sealed,1,0,1,Electronics,0
48,29,17,2164,19,Sealed,0,0,0,Electronics,1
1159,45,1,3353,12,Opened,1,1,1,Footwear,1
1484,46,14,5079,19,Damaged,1,1,0,Footwear,1
182,10,19,7803,22,Opened,1,0,1,Accessories,1
662,43,17,9031,9,Opened,0,1,1,Clothing,1
763,34,14,1501,7,Damaged,0,0,1,Accessories,0
1253,26,18,3359,14,Damaged,1,1,0,Footwear,1
1671,41,11,4023,29,Damaged,0,1,0,Accessories,1
1091,49,12,4314,19,Sealed,1,1,1,Footwear,1
1693,3,10,3327,19,Sealed,1,1,0,Accessories,1
485,6,4,2845,2,Opened,0,0,1,Clothing,1
465,5,0,6191,9,Sealed,0,1,1,Accessories,0
838,5,2,3966,13,Damaged,0,1,0,Clothing,1
904,47,18,5918,15,Damaged,0,1,0,Clothing,1
1394,23,6,2322,3,Sealed,1,0,0,Footwear,0
1968,49,11,2892,11,Opened,0,0,0,Clothing,1
1034,9,14,9989,21,Opened,0,1,1,Electronics,1
396,35,4,4163,14,Sealed,1,1,0,Electronics,1
357,20,14,1624,25,Opened,0,1,0,Electronics,1
199,49,7,8324,8,Opened,0,1,1,Footwear,1
514,42,9,6298,18,Opened,0,1,1,Electronics,1
1224,35,15,4125,19,Damaged,0,1,1,Footwear,1
1541,18,7,2666,16,Damaged,1,0,1,Footwear,1
1402,17,0,2903,2,Sealed,1,1,0,Electronics,0
1442,24,11,3809,8,Damaged,0,1,0,Clothing,1
833,3,4,6255,22,Opened,0,1,1,Accessories,1
938,32,2,819,6,Damaged,1,1,1,Footwear,0
943,35,0,6616,12,Sealed,0,1,0,Electronics,1
1150,38,3,4679,15,Damaged,0,1,0,Footwear,1
143,13,7,1072,25,Opened,0,0,0,Clothing,1
67,47,2,3818,8,Opened,0,0,0,Clothing,1
1589,25,9,7495,4,Sealed,0,0,0,Electronics,0
694,9,1,4502,15,Damaged,0,0,1,Footwear,1
681,4,10,4652,28,Damaged,0,0,1,Accessories,1
182,14,9,2307,20,Damaged,0,0,1,Accessories,1
1862,37,13,4526,25,Opened,0,1,1,Footwear,1
824,34,6,7019,17,Sealed,1,1,0,Footwear,1
1182,11,1,8935,13,Damaged,1,1,1,Footwear,1
89,41,8,8486,18,Opened,1,1,0,Electronics,1
895,3,15,8780,2,Opened,0,1,0,Clothing,1
1246,28,12,2304,13,Opened,0,1,0,Accessories,1
212,29,8,5445,13,Damaged,1,0,0,Electronics,1
773,9,19,3376,22,Damaged,0,1,0,Footwear,1
1262,3,3,1202,15,Damaged,1,0,0,Footwear,1
1709,25,9,5343,20,Damaged,0,0,0,Clothing,1
1260,34,11,6714,29,Damaged,1,1,1,Footwear,1
1692,12,16,9533,27,Damaged,1,1,0,Electronics,1
1565,42,13,8807,10,Damaged,1,1,1,Electronics,1
1474,9,13,5323,29,Damaged,0,1,1,Clothing,1
1435,15,1,8684,3,Damaged,1,1,0,Electronics,1
56,40,19,730,19,Opened,0,1,0,Accessories,1
1266,25,10,9271,3,Damaged,0,1,1,Electronics,1
1338,5,15,6783,22,Sealed,0,0,1,Electronics,1
1559,11,18,377,14,Opened,0,1,1,Electronics,1
1176,34,5,332,8,Damaged,0,1,1,Accessories,0
1448,24,18,9844,27,Sealed,0,0,0,Footwear,1
1546,15,4,5790,23,Damaged,0,1,0,Electronics,1
1406,38,3,7759,4,Sealed,1,1,0,Clothing,0
1599,8,14,125,27,Sealed,1,0,1,Accessories,1
1919,5,3,7568,28,Sealed,1,1,0,Clothing,1
1292,48,19,6510,20,Sealed,0,1,1,Electronics,1
665,26,9,8752,11,Opened,0,1,0,Clothing,1
480,18,2,3864,26,Opened,0,1,1,Electronics,1
1986,6,4,6699,11,Sealed,0,1,0,Accessories,1
980,37,5,5202,27,Damaged,1,1,0,Clothing,1
1045,48,7,7106,11,Sealed,0,0,1,Clothing,1
1363,13,6,3583,2,Opened,1,1,1,Electronics,1
745,28,9,2094,17,Damaged,0,1,1,Electronics,1
793,5,5,8782,9,Opened,1,0,1,Footwear,1
977,13,13,1172,28,Opened,0,0,1,Electronics,1
367,17,3,6807,28,Damaged,1,1,0,Electronics,1
981,40,12,315,2,Sealed,0,0,1,Footwear,0
1441,45,19,7705,29,Sealed,1,1,0,Electronics,1
677,32,16,9884,24,Sealed,0,1,0,Electronics,1
382,29,6,2706,15,Sealed,1,0,0,Footwear,0
1041,3,3,8450,16,Damaged,1,1,0,Accessories,1
1155,40,13,4881,25,Damaged,0,1,0,Accessories,1
1381,34,2,3413,4,Damaged,1,0,1,Electronics,1
685,40,4,7863,8,Opened,0,0,1,Electronics,1
99,27,15,6039,9,Damaged,0,0,0,Footwear,1
1681,13,19,2395,26,Sealed,0,0,0,Footwear,1
707,45,3,5785,26,Opened,1,1,1,Accessories,1
1349,33,1,1796,5,Sealed,1,0,1,Clothing,0
1211,6,17,2046,16,Sealed,0,0,0,Electronics,1
549,24,18,2883,13,Damaged,0,0,1,Clothing,1
741,19,18,3744,7,Damaged,1,0,1,Clothing,1
878,16,16,5341,26,Sealed,1,0,1,Footwear,1
50,40,13,6520,20,Sealed,1,1,0,Electronics,1
749,28,18,7657,17,Opened,0,0,1,Electronics,1
1737,33,12,2745,3,Damaged,0,1,0,Footwear,0
1956,48,11,6689,5,Opened,0,0,0,Clothing,1
511,41,5,6453,19,Opened,0,0,0,Footwear,1
968,13,3,2032,12,Opened,0,0,0,Accessories,1
1178,43,18,1857,29,Sealed,1,0,0,Electronics,0
1234,45,15,5185,27,Opened,0,0,1,Accessories,1
938,25,12,5737,7,Opened,1,0,0,Footwear,1
1757,42,3,1216,28,Sealed,1,0,0,Electronics,0
470,36,16,592,9,Damaged,0,0,0,Accessories,0
741,27,0,8911,28,Damaged,1,1,1,Accessories,1
761,38,17,7988,6,Opened,0,0,1,Clothing,1
934,7,19,6574,29,Sealed,1,1,1,Electronics,1
918,5,16,9838,26,Damaged,0,0,1,Accessories,1
1591,43,14,5058,17,Opened,0,1,1,Accessories,1
1580,45,10,9897,16,Opened,1,0,1,Clothing,1
1286,31,12,9567,23,Sealed,0,0,1,Accessories,1
399,23,0,2843,3,Opened,1,0,0,Accessories,0
1627,42,16,7966,21,Damaged,0,1,0,Accessories,1
892,10,5,7260,26,Sealed,0,1,1,Clothing,1
265,32,3,5551,4,Damaged,0,1,0,Accessories,1
718,43,19,5358,10,Damaged,1,1,0,Accessories,1
1848,30,15,8648,5,Damaged,1,0,1,Electronics,1
1954,39,14,7286,21,Opened,0,0,0,Electronics,1
459,31,14,6202,22,Opened,1,0,0,Clothing,1
19,18,5,9161,10,Damaged,0,1,1,Footwear,1
833,36,14,9177,12,Damaged,1,0,0,Electronics,1
